player_id,player_name,shot_influence_coefficient,shot_influence_rank,shot_influence_percentile,shot_suppression_coefficient,shot_suppression_rank,shot_suppression_percentile,combined_defensive_score,combined_defensive_rank,combined_defensive_percentile
1630554,Player 1630554,-1.855922063706713,26.0,94.53781512605042,-1.5050765385607163,2.0,99.57983193277312,81.0735592678887,1.0,0.0
1631212,Player 1631212,-5.873337471919635,1.0,99.78991596638656,-0.24489538827071788,127.0,73.31932773109244,80.58138542390294,2.0,0.21052631578947367
1630572,Player 1630572,-1.4975703464298027,41.0,91.38655462184873,-1.5474297086222069,1.0,99.78991596638656,80.07306603190209,3.0,0.42105263157894735
202066,Player 202066,-2.0317286996687387,16.0,96.63865546218487,-1.2796657172675348,8.0,98.31932773109243,78.51367080782467,4.0,0.631578947368421
1630540,Player 1630540,-1.8878163427631838,25.0,94.74789915966386,-0.8970608148768449,17.0,96.42857142857143,72.15430306147627,5.0,0.8421052631578947
1627745,Player 1627745,-0.3751072616072113,164.0,65.54621848739495,-1.2810005795385835,7.0,98.52941176470588,70.98943453098599,6.0,1.0526315789473684
1629633,Player 1629633,-0.9892366707399678,70.0,85.29411764705883,-1.0531919862312136,11.0,97.68907563025209,70.38989019288617,7.0,1.263157894736842
203083,Player 203083,-1.2955936943170936,50.0,89.49579831932773,-0.9545995795733059,13.0,97.26890756302521,70.31517003999757,8.0,1.4736842105263157
1631298,Player 1631298,-2.77722706465268,7.0,98.52941176470588,-0.49711790422824736,58.0,87.81512605042016,70.2421347336907,9.0,1.6842105263157894
1630613,Player 1630613,-0.86149900770775,83.0,82.56302521008404,-1.0009446078613877,12.0,97.47899159663865,69.02926062860703,10.0,1.8947368421052633
1626163,Player 1626163,-1.9574710719891417,22.0,95.3781512605042,-0.6125498063691138,40.0,91.59663865546219,68.22992109247855,11.0,2.1052631578947367
1628418,Player 1628418,0.5177146427333624,335.0,29.621848739495793,-1.3644401988822354,3.0,99.36974789915966,68.167532311001,12.0,2.3157894736842106
201144,Player 201144,-2.056422128137224,14.0,97.05882352941177,-0.5581708847155951,44.0,90.75630252100841,67.86983816470004,13.0,2.526315789473684
1628973,Player 1628973,-2.2468899523561445,10.0,97.89915966386555,-0.4839223428713805,61.0,87.18487394957984,67.63029322330193,14.0,2.736842105263158
1630178,Player 1630178,-1.0138296815838226,67.0,85.92436974789916,-0.8014695155140195,23.0,95.16806722689076,66.74912276526503,15.0,2.9473684210526314
202696,Player 202696,-1.5156465935243186,40.0,91.59663865546219,-0.6055010067353498,41.0,91.38655462184873,66.11279782237865,16.0,3.1578947368421053
1630591,Player 1630591,-1.678375614698276,34.0,92.85714285714286,-0.551320072292843,48.0,89.91596638655463,66.04610689511934,17.0,3.3684210526315788
1631230,Player 1631230,-2.0162812572580613,20.0,95.7983193277311,-0.40911789433627305,82.0,82.77310924369748,65.46490795620903,18.0,3.578947368421052
1630539,Player 1630539,0.4594408890781314,324.0,31.932773109243694,-1.148452819976455,9.0,98.10924369747899,65.21289522985722,19.0,3.7894736842105265
1628427,Player 1628427,-0.29619621423613546,178.0,62.60504201680672,-0.9141021361703411,15.0,96.84873949579831,65.1602352618901,20.0,4.0
203076,Player 203076,1.1836189790113025,426.0,10.504201680672265,-1.3596264882138875,4.0,99.15966386554622,65.06328666796692,21.0,4.2105263157894735
1629637,Player 1629637,-1.7718423113020956,30.0,93.69747899159664,-0.414649013752035,80.0,83.19327731092436,64.43421005344736,22.0,4.421052631578947
1630563,Player 1630563,1.091266444480014,414.0,13.025210084033612,-1.2876032389053966,5.0,98.94957983193278,64.41010703830143,23.0,4.631578947368421
1631113,Player 1631113,-3.1386939664953246,4.0,99.15966386554622,0.00656435596817745,233.0,51.05042016806722,64.37916689039623,24.0,4.842105263157895
1630541,Player 1630541,-0.06519339017778716,221.0,53.57142857142857,-0.9069173671876004,16.0,96.63865546218487,64.0011518171683,25.0,5.052631578947368
1630549,Player 1630549,-2.1216531237268024,12.0,97.47899159663865,-0.26030862953925077,122.0,74.36974789915966,63.72626600269612,26.0,5.263157894736842
1631109,Player 1631109,1.3468259245510987,439.0,7.773109243697474,-1.2849909522736658,6.0,98.73949579831933,63.20736240578335,27.0,5.473684210526316
203915,Player 203915,-0.5746463732353242,133.0,72.05882352941177,-0.6886947370804345,29.0,93.90756302521008,63.06782916455648,28.0,5.684210526315789
202710,Player 202710,-1.0158631777891054,66.0,86.1344537815126,-0.5530742408066838,46.0,90.33613445378151,63.0552238477226,29.0,5.894736842105263
1630568,Player 1630568,-4.153785256035373,3.0,99.36974789915966,0.42177629580808235,398.0,16.386554621848738,62.81170321542396,30.0,6.105263157894736
1631095,Player 1631095,-1.5529185452461707,36.0,92.43697478991596,-0.3706694228018855,93.0,80.46218487394958,62.78158434892695,31.0,6.315789473684211
1630243,Player 1630243,-1.9571386617827897,23.0,95.16806722689076,-0.2222387688682813,131.0,72.47899159663865,62.40952064368226,32.0,6.526315789473684
1629638,Player 1629638,-1.3759859422159635,48.0,89.91596638655463,-0.37571681232325854,91.0,80.88235294117648,62.051093950720244,33.0,6.7368421052631575
1626162,Player 1626162,-2.1423174923041555,11.0,97.68907563025209,-0.12478444088066964,179.0,62.39495798319328,61.79993042628291,34.0,6.947368421052631
1631120,Player 1631120,-0.46503285102473385,152.0,68.0672268907563,-0.6318258721451974,37.0,92.22689075630252,61.72083699778348,35.0,7.157894736842104
1629012,Player 1629012,-0.8551960772531119,85.0,82.14285714285714,-0.5064252056342495,56.0,88.23529411764706,61.62809791545565,36.0,7.368421052631578
1630181,Player 1630181,-0.9335197551273474,75.0,84.24369747899159,-0.48150141291766324,64.0,86.5546218487395,61.613206218407946,37.0,7.578947368421053
1627788,Player 1627788,-1.4333662752305523,44.0,90.75630252100841,-0.31575209553216255,112.0,76.47058823529412,61.418425999828074,38.0,7.7894736842105265
1628373,Player 1628373,1.1295784668603774,420.0,11.764705882352944,-1.0953226380985683,10.0,97.89915966386555,61.36905369253083,39.0,8.0
1631160,Player 1631160,-1.985248757130112,21.0,95.58823529411765,-0.13389195755043248,172.0,63.86554621848739,61.22042840222383,40.0,8.210526315789474
1626145,Player 1626145,-0.9282695814997828,76.0,84.03361344537815,-0.4514587416562208,73.0,84.66386554621849,61.14141117051809,41.0,8.421052631578947
1629656,Player 1629656,0.30292085186021733,296.0,37.81512605042017,-0.8266995095806643,22.0,95.3781512605042,61.12887111409463,42.0,8.631578947368421
1631119,Player 1631119,-0.8004684692942843,96.0,79.83193277310924,-0.48621696146896376,60.0,87.39495798319328,61.07760103927997,43.0,8.842105263157894
203082,Player 203082,-0.7838448841138984,99.0,79.2016806722689,-0.4834600798541246,62.0,86.97478991596638,60.9607979008142,44.0,9.05263157894737
202694,Player 202694,-2.5717654178219954e-05,232.0,51.26050420168067,-0.7183077159645745,27.0,94.32773109243698,60.89252747681179,45.0,9.263157894736842
1629662,Player 1629662,-0.8684932522394169,81.0,82.98319327731092,-0.44986120188535705,74.0,84.45378151260505,60.84537734148104,46.0,9.473684210526317
1630284,Player 1630284,-0.09500031549026633,214.0,55.04201680672269,-0.6850447967418896,32.0,93.27731092436974,60.829140421801654,47.0,9.68421052631579
1630173,Player 1630173,-0.038653194563684296,227.0,52.310924369747895,-0.6994954736994566,28.0,94.11764705882352,60.78797511394485,48.0,9.894736842105264
1626158,Player 1626158,-0.8650865587362306,82.0,82.77310924369748,-0.4404420433582476,77.0,83.82352941176471,60.68943955423738,49.0,10.105263157894736
1631172,Player 1631172,-1.3691745470914412,49.0,89.70588235294117,-0.28020734765055927,117.0,75.42016806722688,60.5961884949441,50.0,10.31578947368421
1630267,Player 1630267,-0.5911553935010181,128.0,73.109243697479,-0.5115550674656235,54.0,88.65546218487394,60.50215300387045,51.0,10.526315789473683
1630561,Player 1630561,-2.0210578085466437,19.0,96.00840336134453,-0.07161555171683075,200.0,57.98319327731092,60.455062932195496,52.0,10.73684210526316
201565,Player 201565,-1.5190314965898506,38.0,92.01680672268908,-0.21748802910119272,135.0,71.63865546218487,60.3435859955844,53.0,10.947368421052632
1628416,Player 1628416,0.022485638297353304,237.0,50.21008403361344,-0.6877413537098486,31.0,93.4873949579832,60.33431886620518,54.0,11.157894736842106
201152,Player 201152,-0.2541086965058245,189.0,60.29411764705883,-0.5985900822574528,42.0,91.17647058823529,60.26481311554383,55.0,11.368421052631579
203457,Player 203457,0.37053754359235735,311.0,34.66386554621849,-0.7797831066536759,24.0,94.9579831932773,60.121504154217035,56.0,11.578947368421053
1631104,Player 1631104,-0.8461250221382131,86.0,81.9327731092437,-0.40644316529870567,83.0,82.56302521008404,60.09622348337243,57.0,11.789473684210526
1626168,Player 1626168,0.39319272212338474,315.0,33.82352941176471,-0.7575196118351032,25.0,94.74789915966386,59.68642249315061,58.0,12.0
1627884,Player 1627884,-0.3698585044938236,167.0,64.91596638655463,-0.5136289145112991,53.0,88.8655462184874,59.525300225892124,59.0,12.210526315789473
1630208,Player 1630208,-0.3262885412738195,171.0,64.07563025210084,-0.5179085623599152,52.0,89.07563025210084,59.390688107894505,60.0,12.421052631578949
1629629,Player 1629629,1.001795765225633,404.0,15.126050420168069,-0.9210767431147052,14.0,97.05882352941177,59.35325135983066,61.0,12.631578947368421
1628368,Player 1628368,-1.467382013089113,43.0,90.96638655462185,-0.16515012019403885,156.0,67.22689075630252,59.328106959427764,62.0,12.842105263157894
1630537,Player 1630537,-1.1271570031304536,58.0,87.81512605042016,-0.25271634020400735,125.0,73.73949579831933,59.0842126426353,63.0,13.052631578947368
1631222,Player 1631222,-0.014602436781494213,230.0,51.68067226890756,-0.5915447585471396,43.0,90.96638655462185,59.06908452276191,64.0,13.263157894736842
203926,Player 203926,-1.6858203136722967,33.0,93.0672268907563,-0.05928454074775922,205.0,56.9327731092437,58.74458028364443,65.0,13.473684210526315
1629162,Player 1629162,0.9451619944547638,397.0,16.596638655462183,-0.860572710493826,20.0,95.7983193277311,58.70914331764404,66.0,13.684210526315791
1629644,Player 1629644,0.5899877383606404,352.0,26.050420168067223,-0.7418245677660009,26.0,94.53781512605042,58.556244975965065,67.0,13.894736842105262
1630678,Player 1630678,-1.3810966742470465,47.0,90.12605042016807,-0.1328250835873504,173.0,63.65546218487395,58.45325724003577,68.0,14.105263157894738
1630577,Player 1630577,-0.9851768633723731,72.0,84.87394957983193,-0.2528653882863438,124.0,73.94957983193278,58.43986718754185,69.0,14.315789473684209
1630527,Player 1630527,-0.870349398035203,80.0,83.19327731092436,-0.2761695062857556,118.0,75.21008403361344,58.26437656957013,70.0,14.526315789473685
1629139,Player 1629139,-0.21712285549570404,193.0,59.45378151260504,-0.46402266882804866,69.0,85.50420168067227,58.09020648570014,71.0,14.736842105263156
1629048,Player 1629048,1.1045684868423402,416.0,12.605042016806722,-0.8634926848974317,19.0,96.00840336134453,58.02674937591571,72.0,14.947368421052632
1629111,Player 1629111,-1.9310341040235368,24.0,94.9579831932773,0.07973505331106992,269.0,43.48739495798319,57.788716224921316,73.0,15.157894736842106
203952,Player 203952,-0.14155505835826443,204.0,57.14285714285714,-0.4654523790304526,68.0,85.71428571428572,57.767390677745865,74.0,15.368421052631579
1627742,Player 1627742,0.4367399792139088,321.0,32.56302521008403,-0.635248231477868,36.0,92.43697478991596,57.66524898652005,75.0,15.578947368421053
1630538,Player 1630538,-2.0277035893585174,17.0,96.42857142857143,0.12106276468891418,287.0,39.70588235294118,57.612814965717874,76.0,15.789473684210526
203999,Player 203999,1.166310764319916,424.0,10.924369747899155,-0.8474704252237496,21.0,95.58823529411765,57.506714239049145,77.0,16.0
1629642,Player 1629642,-0.13792404619163165,205.0,56.9327731092437,-0.4469135938589517,76.0,84.03361344537815,57.47447293403647,78.0,16.210526315789473
1631098,Player 1631098,-2.254138457595095,9.0,98.10924369747899,0.2001242200334159,332.0,30.252100840336137,57.46530888448636,79.0,16.42105263157895
1630551,Player 1630551,0.06503075473821192,248.0,47.89915966386554,-0.5076381950913637,55.0,88.4453781512605,57.455533665119134,80.0,16.63157894736842
1629599,Player 1629599,-0.3579112766802529,168.0,64.70588235294117,-0.3644492827078689,98.0,79.41176470588236,57.24687386119196,81.0,16.842105263157894
1626156,Player 1626156,0.5161586586798812,334.0,29.831932773109248,-0.6287674227101556,38.0,92.01680672268908,57.20696388677926,82.0,17.05263157894737
1630233,Player 1630233,-1.7655747268768682,31.0,93.4873949579832,0.07125609886208872,264.0,44.53781512605042,57.16163299632879,83.0,17.263157894736842
203458,Player 203458,-1.8423811850212208,27.0,94.32773109243698,0.0957196361720364,273.0,42.64705882352941,57.14669362853127,84.0,17.473684210526315
1629659,Player 1629659,-0.8055175090098744,94.0,80.25210084033614,-0.2204242834906494,132.0,72.26890756302521,57.13806842317298,85.0,17.684210526315788
1630176,Player 1630176,-3.013772465567298,6.0,98.73949579831933,0.4573971306571973,407.0,14.495798319327735,57.08911836146335,86.0,17.894736842105264
1631114,Player 1631114,-0.9868217622934063,71.0,85.08403361344537,-0.15738265977306237,161.0,66.17647058823529,57.023869688241305,87.0,18.10526315789474
1630170,Player 1630170,-0.406457783541227,157.0,67.01680672268908,-0.33028707056735274,106.0,77.73109243697479,56.958649606267606,88.0,18.31578947368421
203506,Player 203506,-1.1810588835419216,54.0,88.65546218487394,-0.08809476598440746,194.0,59.2436974789916,56.87544484889527,89.0,18.526315789473685
203095,Player 203095,0.6642358970760782,364.0,23.529411764705888,-0.6494726472648543,35.0,92.64705882352942,56.8413109869529,90.0,18.736842105263158
1628993,Player 1628993,-2.0273864005159123,18.0,96.21848739495799,0.17817639212113937,322.0,32.35294117647059,56.75990156933145,91.0,18.947368421052634
1630531,Player 1630531,-0.5203719837063419,142.0,70.16806722689076,-0.2806175897475257,116.0,75.63025210084034,56.736917687163015,92.0,19.157894736842103
1627832,Player 1627832,-0.5502422346969845,137.0,71.21848739495799,-0.2691758393101996,119.0,75.0,56.702367278834124,93.0,19.36842105263158
1629614,Player 1629614,0.13889954431454404,268.0,43.69747899159664,-0.47960666279559927,65.0,86.34453781512606,56.70123702211009,94.0,19.57894736842105
1631132,Player 1631132,-0.8768391452028163,79.0,83.40336134453781,-0.16706061185983737,155.0,67.43697478991596,56.667298756076235,95.0,19.789473684210527
1629669,Player 1629669,0.051911913600766815,243.0,48.94957983193278,-0.4493159386572479,75.0,84.24369747899159,56.64578835598287,96.0,20.0
1629117,Player 1629117,-0.2228879752948577,191.0,59.87394957983193,-0.363072708625295,99.0,79.2016806722689,56.61146487364205,97.0,20.210526315789473
203200,Player 203200,0.1202914508305371,265.0,44.32773109243697,-0.4588967895938711,70.0,85.29411764705883,56.477227290475554,98.0,20.42105263157895
1630534,Player 1630534,0.19939823401776946,279.0,41.38655462184874,-0.4822398870101046,63.0,86.76470588235294,56.46498725040172,99.0,20.63157894736842
1630264,Player 1630264,-0.6977449192404478,110.0,76.890756302521,-0.20479964884545096,137.0,71.21848739495799,56.41434242618398,100.0,20.842105263157894
1631254,Player 1631254,-0.8043550151099417,95.0,80.0420168067227,-0.1694540119133396,152.0,68.0672268907563,56.3728927583241,101.0,21.052631578947366
1630647,Player 1630647,-1.5899405639509,35.0,92.64705882352942,0.07633000821928895,267.0,43.90756302521008,56.28616391477472,102.0,21.263157894736842
203468,Player 203468,1.6084068685781974,452.0,5.042016806722693,-0.8933451211830026,18.0,96.21848739495799,56.17735506698404,103.0,21.47368421052632
1631199,Player 1631199,-0.728230122036199,103.0,78.36134453781513,-0.17633020177419206,148.0,68.90756302521008,56.12873790389762,104.0,21.684210526315788
1631101,Player 1631101,-0.3159521149799608,173.0,63.65546218487395,-0.3017757959239621,113.0,76.26050420168067,56.121437634804295,105.0,21.894736842105264
1628449,Player 1628449,-0.6338882636832485,119.0,75.0,-0.2027339368584915,141.0,70.3781512605042,56.09274741280869,106.0,22.105263157894736
1629216,Player 1629216,-0.8166197536552303,90.0,81.09243697478992,-0.14303284527141377,167.0,64.91596638655463,56.03484997610718,107.0,22.315789473684212
201577,Player 201577,0.34067026762828206,301.0,36.76470588235294,-0.49621484762392876,59.0,87.60504201680672,56.02998776000683,108.0,22.526315789473685
1630558,Player 1630558,-0.9377788033408566,74.0,84.45378151260505,-0.09419635252512348,193.0,59.45378151260504,55.858529052315795,109.0,22.736842105263158
1631216,Player 1631216,0.01723648376992416,235.0,50.63025210084034,-0.37022610794236155,94.0,80.25210084033614,55.62460032696811,110.0,22.94736842105263
1630700,Player 1630700,0.013833381943112368,233.0,51.05042016806722,-0.36819577755381805,96.0,79.83193277310924,55.6098289717068,111.0,23.157894736842106
1629684,Player 1629684,-0.7262583752164955,104.0,78.15126050420169,-0.1399008131218843,169.0,64.49579831932772,55.57665727414951,112.0,23.36842105263158
201599,Player 201599,-0.09205535803583334,215.0,54.83193277310925,-0.3302649808565361,107.0,77.52100840336135,55.526553879128144,113.0,23.57894736842105
1630256,Player 1630256,0.6041610345507886,354.0,25.630252100840334,-0.5408088468701263,51.0,89.28571428571429,55.49489160819099,114.0,23.789473684210527
1630556,Player 1630556,0.3660959574480341,309.0,35.08403361344538,-0.4571231529797435,71.0,85.08403361344537,55.33140899025146,115.0,24.0
201933,Player 201933,-0.983985252385613,73.0,84.66386554621849,-0.0411386105281806,211.0,55.67226890756303,55.277947500142275,116.0,24.210526315789473
1629308,Player 1629308,-1.4217876520719297,45.0,90.54621848739495,0.09604545348680413,274.0,42.43697478991597,55.226483037485764,117.0,24.421052631578945
203925,Player 203925,-0.25864967441463155,187.0,60.71428571428572,-0.2589473505053734,123.0,74.15966386554622,55.221985674423514,118.0,24.63157894736842
1626181,Player 1626181,-0.7042701572341412,109.0,77.10084033613445,-0.12083542740520387,181.0,61.97478991596639,55.19229137770278,119.0,24.842105263157897
1630165,Player 1630165,0.26863239715278736,288.0,39.49579831932773,-0.4144716917408649,81.0,82.98319327731092,55.13938898933982,120.0,25.05263157894737
203552,Player 203552,-0.5915507007052251,127.0,73.31932773109244,-0.14537682436045757,165.0,65.33613445378151,55.04484624864595,121.0,25.263157894736842
203507,Player 203507,0.193507855852528,278.0,41.59663865546218,-0.3845448059693478,88.0,81.5126050420168,55.03534087646622,122.0,25.473684210526315
1631099,Player 1631099,-0.025220221152201242,229.0,51.890756302521,-0.3159122217962819,111.0,76.68067226890756,55.008215690814815,123.0,25.684210526315788
1629678,Player 1629678,0.04461793403533342,242.0,49.15966386554622,-0.3371542386907218,104.0,78.15126050420169,55.00686072026899,124.0,25.894736842105264
1630172,Player 1630172,-0.48346259446760553,145.0,69.53781512605042,-0.1635006973059298,158.0,66.80672268907564,54.82281738026079,125.0,26.105263157894736
1630224,Player 1630224,0.22889660557642524,282.0,40.7563025210084,-0.3754793800361552,92.0,80.67226890756302,54.7390326305367,126.0,26.31578947368421
203497,Player 203497,-0.31056363964166595,174.0,63.4453781512605,-0.2104149487501141,136.0,71.42857142857143,54.73486102364859,127.0,26.526315789473685
202709,Player 202709,0.17535205168283027,275.0,42.226890756302524,-0.35296186824627535,100.0,78.99159663865547,54.64717219148106,128.0,26.736842105263158
1630596,Player 1630596,0.2625308552828256,287.0,39.70588235294118,-0.37932954083950515,90.0,81.09243697478992,54.64326411345286,129.0,26.94736842105263
203085,Player 203085,0.35738944317542004,306.0,35.71428571428571,-0.4000782009691389,84.0,82.35294117647058,54.52061273556845,130.0,27.157894736842103
1629312,Player 1629312,-0.70778728207859,107.0,77.52100840336135,-0.06913373711754833,202.0,57.56302521008403,54.43752213236313,131.0,27.368421052631582
1628398,Player 1628398,-0.051931054284197496,225.0,52.73109243697479,-0.2662572907547558,121.0,74.57983193277312,54.38958271953224,132.0,27.57894736842105
101108,Player 101108,-0.5910981725952877,129.0,72.89915966386556,-0.09458755435387829,192.0,59.66386554621849,54.285602149361665,133.0,27.789473684210524
1631110,Player 1631110,-0.3709187196224708,166.0,65.12605042016807,-0.15964883665691484,160.0,66.38655462184873,54.25287571623237,134.0,28.000000000000004
1628969,Player 1628969,0.586358270017575,351.0,26.260504201680668,-0.45173356496451617,72.0,84.87394957983193,54.248000229650785,135.0,28.210526315789476
203500,Player 203500,-0.6857853208821946,111.0,76.68067226890756,-0.06311265302153746,204.0,57.14285714285714,54.247562434436986,136.0,28.421052631578945
1629027,Player 1629027,-0.4739806046888923,150.0,68.4873949579832,-0.12747918934859281,175.0,63.23529411764706,54.24261645628643,137.0,28.631578947368418
1629676,Player 1629676,-0.8390842307060326,87.0,81.72268907563026,-0.012234925130638369,225.0,52.73109243697479,54.187172748302096,138.0,28.842105263157897
1631103,Player 1631103,-0.08728405839965242,217.0,54.41176470588236,-0.24094814690108804,128.0,73.109243697479,54.173260670900106,139.0,29.05263157894737
1630702,Player 1630702,-4.476824650820854,2.0,99.57983193277312,1.1019776184937902,469.0,1.4705882352941124,54.142134369270124,140.0,29.263157894736842
203501,Player 203501,0.9608241759618974,398.0,16.386554621848738,-0.5521431200349652,47.0,90.12605042016807,54.039648002450974,141.0,29.47368421052631
1630595,Player 1630595,-0.07158997090634135,220.0,53.78151260504202,-0.2320935907400509,129.0,72.89915966386556,53.969784240310894,142.0,29.68421052631579
1630205,Player 1630205,-0.2560863984339304,188.0,60.504201680672274,-0.16809696987916678,153.0,67.85714285714286,53.855885026258804,143.0,29.894736842105264
1629033,Player 1629033,0.7705896630468235,375.0,21.218487394957986,-0.4771899580080464,66.0,86.1344537815126,53.788535865997474,144.0,30.105263157894736
200768,Player 200768,-0.8090648186016715,93.0,80.46218487394958,0.007866012659703187,235.0,50.63025210084034,53.750795007408485,145.0,30.315789473684212
201959,Player 201959,-1.1189696109931802,59.0,87.60504201680672,0.10517240787151154,281.0,40.96638655462185,53.711403428822905,146.0,30.526315789473685
1631288,Player 1631288,-0.48071633904461347,147.0,69.11764705882352,-0.08710416923498651,195.0,59.03361344537815,53.671366294634936,147.0,30.736842105263158
1631223,Player 1631223,-0.6300655038984246,120.0,74.78991596638656,-0.04136401519914988,210.0,55.88235294117647,53.66958240791938,148.0,30.94736842105263
1629750,Player 1629750,0.6326490467431856,357.0,25.0,-0.42555730518930834,78.0,83.61344537815127,53.646950925804234,149.0,31.157894736842106
1628966,Player 1628966,-0.41013460600581586,156.0,67.22689075630252,-0.10497910073494421,187.0,60.71428571428572,53.61642749495974,150.0,31.36842105263158
1630201,Player 1630201,-0.39469381027684686,161.0,66.17647058823529,-0.10947574375664712,184.0,61.34453781512605,53.61314865215391,151.0,31.57894736842105
201145,Player 201145,1.4949622520071955,443.0,6.932773109243695,-0.6846337271327199,33.0,93.0672268907563,53.58243499360143,152.0,31.789473684210527
1629673,Player 1629673,-0.48296319963764706,146.0,69.32773109243698,-0.07843152306731198,198.0,58.40336134453781,53.552303647215,153.0,32.0
1630598,Player 1630598,-0.3286843834000997,170.0,64.28571428571428,-0.12514220296328776,177.0,62.81512605042017,53.546107172329926,154.0,32.21052631578947
203115,Player 203115,-0.2273182790946013,190.0,60.08403361344538,-0.1548172680076748,162.0,65.96638655462185,53.526898836384916,155.0,32.421052631578945
1630688,Player 1630688,1.3126006823495568,437.0,8.193277310924374,-0.6189303760130936,39.0,91.80672268907563,53.43336928584974,156.0,32.631578947368425
1629641,Player 1629641,-0.06499686028852186,222.0,53.36134453781513,-0.19590993577075708,142.0,70.16806722689076,53.40032172614171,157.0,32.8421052631579
1629631,Player 1629631,0.02171994270895819,236.0,50.42016806722689,-0.21853391859606197,134.0,71.84873949579831,53.342705394812924,158.0,33.05263157894737
1630163,Player 1630163,-0.4930109461215062,144.0,69.74789915966386,-0.055898191824942677,206.0,56.72268907563025,53.26212598232128,159.0,33.26315789473684
1626196,Player 1626196,-0.25908822386928876,186.0,60.92436974789916,-0.1272659708521168,176.0,63.02521008403361,53.26083302230624,160.0,33.473684210526315
1629052,Player 1629052,0.8715500039033428,384.0,19.327731092436974,-0.46848249951489135,67.0,85.92436974789916,53.198955929853966,161.0,33.68421052631579
1629667,Player 1629667,1.1325541259153502,421.0,11.5546218487395,-0.5479942396130215,50.0,89.49579831932773,53.1957490694301,162.0,33.89473684210526
1627736,Player 1627736,-0.20355131268996615,195.0,59.03361344537815,-0.13696943498914857,170.0,64.28571428571428,53.15258432575022,163.0,34.10526315789474
1629020,Player 1629020,-0.6472341645216867,117.0,75.42016806722688,-0.0006217512346749198,230.0,51.68067226890756,53.14036806112267,164.0,34.31578947368421
1628415,Player 1628415,1.6163631785469776,453.0,4.831932773109249,-0.6878190318089811,30.0,93.69747899159664,53.077071342300854,165.0,34.526315789473685
201976,Player 201976,-0.6503744595176307,115.0,75.84033613445378,0.0066902100399436875,234.0,50.84033613445378,53.04565959341791,166.0,34.73684210526316
1628988,Player 1628988,0.5741160950746762,346.0,27.3109243697479,-0.36667951153880984,97.0,79.6218487394958,53.03573613017596,167.0,34.94736842105263
203114,Player 203114,-1.0782056057677722,61.0,87.18487394957984,0.14016993816350357,299.0,37.18487394957983,53.00401221862667,168.0,35.1578947368421
202711,Player 202711,0.100344899338451,261.0,45.16806722689075,-0.2186600110515895,133.0,72.05882352941177,52.98653273212222,169.0,35.368421052631575
1629018,Player 1629018,-0.5792858783105268,132.0,72.26890756302521,-0.0031198798038653687,229.0,51.890756302521,52.868179303084304,170.0,35.578947368421055
1630162,Player 1630162,-0.4692842343620102,151.0,68.27731092436974,-0.03411320448293089,215.0,54.83193277310925,52.829298383231595,171.0,35.78947368421053
203110,Player 203110,0.4829021139058563,328.0,31.092436974789916,-0.3235404964398071,108.0,77.31092436974791,52.8079873729918,172.0,36.0
1626220,Player 1626220,-0.0065772954879710546,231.0,51.470588235294116,-0.17162965323830248,150.0,68.4873949579832,52.77230463824398,173.0,36.21052631578948
1628365,Player 1628365,-0.8178448391903531,89.0,81.30252100840336,0.07842193097907943,268.0,43.69747899159664,52.73890751886681,174.0,36.421052631578945
1630174,Player 1630174,-1.0866123031207298,60.0,87.39495798319328,0.1620766721227237,312.0,34.45378151260504,52.71570285263271,175.0,36.63157894736842
1628467,Player 1628467,0.05770364795196086,245.0,48.529411764705884,-0.1829612931642339,143.0,69.9579831932773,52.64850962310918,176.0,36.84210526315789
1627854,Player 1627854,-0.9972724141738241,68.0,85.71428571428572,0.1451087238557077,304.0,36.13445378151261,52.561819130322384,177.0,37.05263157894737
2617,Player 2617,-1.5166320429394744,39.0,91.80672268907563,0.3042970726421267,368.0,22.6890756302521,52.55371332889415,178.0,37.26315789473684
1627747,Player 1627747,0.030663454954156875,240.0,49.57983193277311,-0.1643799180391924,157.0,67.01680672268908,52.494631432997295,179.0,37.473684210526315
1630567,Player 1630567,0.5522643282430321,344.0,27.73109243697479,-0.321583624875514,110.0,76.890756302521,52.462943063566904,180.0,37.68421052631579
1630547,Player 1630547,-1.7843509476740118,29.0,93.90756302521008,0.39250550134880274,389.0,18.27731092436975,52.457845710536205,181.0,37.89473684210527
1631107,Player 1631107,-0.2613838991950016,185.0,61.13445378151261,-0.07060132725650568,201.0,57.773109243697476,52.426512024787186,182.0,38.10526315789474
1630197,Player 1630197,-1.203616209047664,52.0,89.07563025210084,0.23020421286481282,344.0,27.73109243697479,52.23286234271923,183.0,38.315789473684205
1631260,Player 1631260,-0.9169256263520247,77.0,83.82352941176471,0.14790139688307827,306.0,35.71428571428571,52.15429144423598,184.0,38.526315789473685
1631217,Player 1631217,-0.5897165116004766,130.0,72.6890756302521,0.049143607861157484,255.0,46.42857142857143,52.136518224147544,185.0,38.73684210526316
1631105,Player 1631105,-0.9961810259026042,69.0,85.50420168067227,0.17531143608386066,317.0,33.40336134453782,52.106576952847085,186.0,38.94736842105263
1630625,Player 1630625,-0.603243628253979,125.0,73.73949579831933,0.05614488038129198,256.0,46.21848739495798,52.093742458772574,187.0,39.1578947368421
1629006,Player 1629006,0.8906714724870035,386.0,18.907563025210084,-0.39979883455760123,85.0,82.14285714285714,52.08791920865278,188.0,39.36842105263158
1629680,Player 1629680,0.6403836241505653,359.0,24.57983193277311,-0.32286535404072547,109.0,77.10084033613445,52.08076246756069,189.0,39.578947368421055
1629028,Player 1629028,-1.0480604658738109,64.0,86.5546218487395,0.19313282664848014,328.0,31.092436974789916,52.07714503886518,190.0,39.78947368421053
1630164,Player 1630164,-0.1174862622188936,210.0,55.88235294117647,-0.08434712727168307,196.0,58.82352941176471,51.97613932001673,191.0,40.0
1630169,Player 1630169,-0.5806707937453769,131.0,72.47899159663865,0.06254254989461708,257.0,46.00840336134454,51.89556878359511,192.0,40.21052631578947
1626166,Player 1626166,0.36393306884324195,308.0,35.29411764705882,-0.2239826817189163,130.0,72.6890756302521,51.86552299662149,193.0,40.421052631578945
1627749,Player 1627749,0.7791948911180634,376.0,21.00840336134454,-0.35076705562122007,101.0,78.78151260504201,51.86459361761002,194.0,40.63157894736842
203994,Player 203994,-0.4313147632778523,154.0,67.64705882352942,0.020547455083357133,241.0,49.36974789915966,51.84148881711186,195.0,40.8421052631579
203471,Player 203471,-0.7055581334575819,108.0,77.31092436974791,0.11162056513443756,282.0,40.7563025210084,51.7326255312536,196.0,41.05263157894737
1630240,Player 1630240,-0.06378404029458047,223.0,53.15126050420168,-0.07646447888061397,199.0,58.193277310924366,51.61406605781848,197.0,41.26315789473684
1627853,Player 1627853,-1.8027374453728762,28.0,94.11764705882352,0.45859566823953934,408.0,14.28571428571429,51.55628234583385,198.0,41.473684210526315
1630175,Player 1630175,-0.38287800412669243,163.0,65.75630252100841,0.026386679134591525,245.0,48.529411764705884,51.53385814916723,199.0,41.68421052631579
201935,Player 201935,0.1642188577681913,271.0,43.0672268907563,-0.1366390360811376,171.0,64.07563025210084,51.47285928709587,200.0,41.89473684210526
1628975,Player 1628975,0.5485171091157791,342.0,28.15126050420168,-0.2519387104623578,126.0,73.52941176470588,51.441718102194585,201.0,42.10526315789473
1628963,Player 1628963,-1.0704071289358872,62.0,86.97478991596638,0.24425839443754718,351.0,26.260504201680668,51.41671320435177,202.0,42.31578947368421
1629647,Player 1629647,1.5302484859084002,446.0,6.302521008403361,-0.5500893519063627,49.0,89.70588235294117,51.415911715497785,203.0,42.526315789473685
202685,Player 202685,-0.7950469733135064,97.0,79.6218487394958,0.160459052664151,310.0,34.87394957983193,51.41205097320658,204.0,42.73684210526316
1630346,Player 1630346,1.0196348505097548,406.0,14.70588235294118,-0.3915279119617124,87.0,81.72268907563026,51.37732344430819,205.0,42.94736842105264
1631246,Player 1631246,-1.708345601008168,32.0,93.27731092436974,0.4463680042435072,404.0,15.126050420168069,51.30872264244447,206.0,43.15789473684211
202330,Player 202330,0.07324989311041728,251.0,47.26890756302521,-0.09666833513907337,190.0,60.08403361344538,51.29122902256805,207.0,43.368421052631575
1627751,Player 1627751,-0.27589413918168243,182.0,61.76470588235294,0.012680059508787285,237.0,50.21008403361344,51.251004036850794,208.0,43.57894736842105
203914,Player 203914,-0.5024843939867188,143.0,69.9579831932773,0.08217149153399422,270.0,43.27731092436975,51.2468786635299,209.0,43.78947368421053
1630195,Player 1630195,-0.33176833356076146,169.0,64.49579831932772,0.03305852701456285,248.0,47.89915966386554,51.20164219892786,210.0,44.0
201143,Player 201143,0.3352518128190029,299.0,37.18487394957983,-0.17036672738368042,151.0,68.27731092436974,51.196810940008625,211.0,44.21052631578947
1629660,Player 1629660,0.34761099574479376,303.0,36.34453781512605,-0.17324934038960715,149.0,68.69747899159664,51.18350304799303,212.0,44.42105263157895
201588,Player 201588,0.928666828469966,391.0,17.85714285714286,-0.3502444311525924,102.0,78.57142857142857,51.17611752857303,213.0,44.631578947368425
1629023,Player 1629023,-0.7807889347470262,100.0,78.99159663865547,0.17732716103563528,319.0,32.98319327731093,51.0956455080025,214.0,44.8421052631579
1630182,Player 1630182,1.1837400409853318,427.0,10.29411764705882,-0.4225667010420622,79.0,83.40336134453781,51.092736599009626,215.0,45.05263157894737
1630544,Player 1630544,0.9685599045762436,400.0,15.966386554621847,-0.34980350495724777,103.0,78.36134453781513,50.98787380756289,216.0,45.26315789473684
1631093,Player 1631093,-0.12825865810966564,208.0,56.30252100840336,-0.011368184525961802,226.0,52.52100840336135,50.93720171417161,217.0,45.473684210526315
1629670,Player 1629670,-1.019463916267941,65.0,86.34453781512606,0.26641405683882446,358.0,24.789915966386555,50.854417438307294,218.0,45.68421052631579
203943,Player 203943,-0.8196569661809677,88.0,81.5126050420168,0.2069602706885505,337.0,29.201680672268903,50.830867525833916,219.0,45.89473684210526
1629001,Player 1629001,-0.7932135888790357,98.0,79.41176470588236,0.20247507145074084,333.0,30.042016806722692,50.777313097082285,220.0,46.10526315789474
1629655,Player 1629655,0.19087503156125524,276.0,42.01680672268907,-0.09780852967682017,189.0,60.29411764705883,50.77257086145683,221.0,46.31578947368421
1628971,Player 1628971,-1.190170486720523,53.0,88.8655462184874,0.32983292807617604,377.0,20.798319327731097,50.686333473982344,222.0,46.526315789473685
203932,Player 203932,0.06909062600299654,250.0,47.47899159663865,-0.04970199339454936,208.0,56.30252100840336,50.609980197658665,223.0,46.73684210526316
201566,Player 201566,-0.6225339065793637,121.0,74.57983193277312,0.16217162382768355,313.0,34.2436974789916,50.600907089950276,224.0,46.94736842105263
203920,Player 203920,-1.15220173410491,56.0,88.23529411764706,0.3242169354444938,374.0,21.42857142857143,50.597151545065536,225.0,47.1578947368421
1630166,Player 1630166,-0.3053174716259946,175.0,63.23529411764706,0.06842906752261131,261.0,45.16806722689075,50.55387107055233,226.0,47.368421052631575
200782,Player 200782,-0.4751098325766301,149.0,68.69747899159664,0.12343657168231237,288.0,39.49579831932773,50.507023316934195,227.0,47.578947368421055
1628984,Player 1628984,0.10466870932762196,262.0,44.95798319327731,-0.04993194056645465,207.0,56.51260504201681,50.45138825169339,228.0,47.78947368421053
202083,Player 202083,-0.42167990874149075,155.0,67.43697478991596,0.11359914212524141,283.0,40.54621848739496,50.41036689271367,229.0,48.0
1630532,Player 1630532,-0.5297855757554183,141.0,70.3781512605042,0.1483783442432303,309.0,35.08403361344538,50.38417254853284,230.0,48.21052631578947
1629234,Player 1629234,-0.6049606536203715,124.0,73.94957983193278,0.17256897820457448,316.0,33.61344537815126,50.36587252416608,231.0,48.421052631578945
1631323,Player 1631323,-2.038554445412219,15.0,96.84873949579831,0.6173369852404723,437.0,8.193277310924374,50.263607968110406,232.0,48.63157894736842
1630553,Player 1630553,-1.0496257459272496,63.0,86.76470588235294,0.31532811602432914,372.0,21.84873949579832,50.26254522497865,233.0,48.84210526315789
203081,Player 203081,0.5841472807713841,349.0,26.680672268907568,-0.18066197252958982,145.0,69.53781512605042,50.21684352116454,234.0,49.05263157894737
1630570,Player 1630570,0.47336453254281075,327.0,31.30252100840336,-0.1466914284674014,164.0,65.54621848739495,50.21489615854359,235.0,49.26315789473684
1629130,Player 1629130,0.05338793636065065,244.0,48.73949579831933,-0.016998183404118853,222.0,53.36134453781513,50.193929866327466,236.0,49.473684210526315
1628420,Player 1628420,0.11899097486955447,264.0,44.53781512605042,-0.03666053187289734,214.0,55.04201680672269,50.18831109563352,237.0,49.684210526315795
1628995,Player 1628995,-0.6138341673076474,122.0,74.36974789915966,0.1891450136388428,326.0,31.512605042016805,50.159160832132756,238.0,49.89473684210527
1628432,Player 1628432,-0.40481900467131665,159.0,66.59663865546219,0.12544382347933794,293.0,38.4453781512605,50.156999081751145,239.0,50.10526315789474
1628410,Player 1628410,-0.058181258003800404,224.0,52.94117647058824,0.02392366661670551,243.0,48.94957983193278,50.09193154411636,240.0,50.31578947368421
1630526,Player 1630526,-0.6774768278933195,112.0,76.47058823529412,0.21345275751846587,339.0,28.781512605042014,50.08659708163965,241.0,50.526315789473685
1629003,Player 1629003,0.0915199476484367,257.0,46.00840336134454,-0.020839467506024004,220.0,53.78151260504202,50.07754652433718,242.0,50.73684210526316
203078,Player 203078,-0.18273688315433867,199.0,58.193277310924366,0.06529266425255369,259.0,45.58823529411765,50.04240628384055,243.0,50.94736842105263
1630227,Player 1630227,-0.04517503982961797,226.0,52.52100840336135,0.025336606099556944,244.0,48.73949579831933,50.011637575116,244.0,51.1578947368421
1627763,Player 1627763,-0.6114844876238001,123.0,74.15966386554622,0.19848803225262798,331.0,30.46218487394958,50.00917173018889,245.0,51.368421052631575
203084,Player 203084,0.09035255443312155,255.0,46.42857142857143,-0.01542264456431958,224.0,52.94117647058824,50.002106953638744,246.0,51.578947368421055
1626224,Player 1626224,1.2498839280264524,429.0,9.873949579831931,-0.36839191257173987,95.0,80.0420168067227,49.983866263338314,247.0,51.78947368421053
1630696,Player 1630696,-0.5439906822841676,138.0,71.00840336134453,0.18193094216987019,323.0,32.14285714285714,49.948648316966484,248.0,52.0
1631213,Player 1631213,-0.5411544611188382,140.0,70.58823529411764,0.1827170754623382,324.0,31.932773109243694,49.92401242998642,249.0,52.21052631578947
203476,Player 203476,-0.8132863036757675,92.0,80.67226890756302,0.26622420754408,357.0,25.0,49.9183295109934,250.0,52.421052631578945
1630188,Player 1630188,0.28122473472651877,290.0,39.075630252100844,-0.06750769519220917,203.0,57.35294117647059,49.909389792458896,251.0,52.63157894736842
201942,Player 201942,0.7554053044267981,371.0,22.058823529411764,-0.2041424002994781,138.0,71.00840336134453,49.787000616905374,252.0,52.84210526315789
1629726,Player 1629726,-0.028180415344982092,228.0,52.100840336134446,0.036452167734099344,251.0,47.26890756302521,49.76853076996419,253.0,53.05263157894737
1627827,Player 1627827,0.42861586962698284,320.0,32.773109243697476,-0.10266374790941561,188.0,60.504201680672274,49.762299108743846,254.0,53.26315789473684
1629627,Player 1629627,-0.47819171112291003,148.0,68.90756302521008,0.1778898101451997,321.0,32.56302521008403,49.70925099600107,255.0,53.473684210526315
1628382,Player 1628382,-2.7146880182993827,8.0,98.31932773109243,0.8618269603846238,461.0,3.1512605042016806,49.69773462098525,256.0,53.68421052631579
203493,Player 203493,1.0530283719689666,409.0,14.075630252100845,-0.28680675154209123,115.0,75.84033613445378,49.664033843578125,257.0,53.89473684210526
1630587,Player 1630587,-0.2865902677907824,180.0,62.18487394957983,0.12506824079719864,292.0,38.65546218487395,49.62419308840647,258.0,54.10526315789473
1630581,Player 1630581,0.238401930945224,283.0,40.54621848739496,-0.022528349956140444,219.0,53.99159663865547,49.43383478305752,259.0,54.315789473684205
1631106,Player 1631106,-0.5583309621582344,136.0,71.42857142857143,0.22140930441084497,340.0,28.57142857142857,49.4253963912862,260.0,54.52631578947369
1630168,Player 1630168,-1.1323542925017835,57.0,88.02521008403362,0.3970823401445615,391.0,17.85714285714286,49.42046602809954,261.0,54.736842105263165
203924,Player 203924,0.7667496406590928,372.0,21.84873949579832,-0.17885385788257246,146.0,69.32773109243698,49.35832931654854,262.0,54.94736842105263
1630573,Player 1630573,1.514284370328006,445.0,6.512605042016806,-0.3947738517226012,86.0,81.9327731092437,49.173116069079384,263.0,55.1578947368421
1629639,Player 1629639,0.49014765909891045,330.0,30.672268907563026,-0.08079357254164586,197.0,58.61344537815126,49.15603984850458,264.0,55.368421052631575
1630217,Player 1630217,0.21096208711192962,280.0,41.17647058823529,0.0064594917970664115,232.0,51.26050420168067,49.12663351125135,265.0,55.57894736842105
1628379,Player 1628379,0.6496666893694185,360.0,24.369747899159666,-0.12482760571875864,178.0,62.60504201680672,49.08607547064965,266.0,55.78947368421052
1629651,Player 1629651,0.9083773988564015,389.0,18.27731092436975,-0.20312650790249293,140.0,70.58823529411764,49.07523125789606,267.0,56.00000000000001
201572,Player 201572,0.03828047434247138,241.0,49.36974789915966,0.06539133787887429,260.0,45.378151260504204,49.03443781232066,268.0,56.21052631578948
1630202,Player 1630202,-0.07954432860248498,219.0,53.99159663865547,0.10209364851573355,278.0,41.59663865546218,49.02383338469311,269.0,56.42105263157895
203526,Player 203526,-0.27657495431123613,181.0,61.97478991596639,0.16242624137400236,314.0,34.03361344537815,49.021638569837194,270.0,56.631578947368425
1629056,Player 1629056,0.8110748176796677,381.0,19.957983193277308,-0.16794876709674583,154.0,67.64705882352942,48.99389887775169,271.0,56.84210526315789
203935,Player 203935,0.36823306897249064,310.0,34.87394957983193,-0.027361822340175444,218.0,54.201680672268914,48.91465197695209,272.0,57.05263157894736
1630198,Player 1630198,2.4627684804669885,467.0,1.8907563025210128,-0.6661160240987506,34.0,92.85714285714286,48.89904581566986,273.0,57.263157894736835
203486,Player 203486,0.16675699198373203,272.0,42.85714285714286,0.03643234893914377,250.0,47.47899159663865,48.88109507113578,274.0,57.47368421052632
1630171,Player 1630171,-0.3712892182453953,165.0,65.33613445378151,0.2045911530182921,336.0,29.411764705882348,48.82435211084206,275.0,57.684210526315795
201609,Player 201609,-1.3836375139986083,46.0,90.33613445378151,0.5146111586477595,416.0,12.605042016806722,48.81263335444447,276.0,57.89473684210527
1631111,Player 1631111,0.19229690847193784,277.0,41.80672268907563,0.03404442524172991,249.0,47.6890756302521,48.800388058187565,277.0,58.10526315789474
202322,Player 202322,-0.22142440316052797,192.0,59.66386554621849,0.16146280749332975,311.0,34.66386554621849,48.784850053503206,278.0,58.31578947368421
1630228,Player 1630228,0.37093216830506626,312.0,34.45378151260504,-0.016301152009972158,223.0,53.15126050420168,48.73746431995342,279.0,58.526315789473685
1626192,Player 1626192,0.8525786070790264,383.0,19.53781512605042,-0.16144781240676723,159.0,66.59663865546219,48.70797516334645,280.0,58.73684210526315
201586,Player 201586,-0.40140126647190577,160.0,66.38655462184873,0.23605529071141207,347.0,27.100840336134457,48.49240242589515,281.0,58.94736842105262
1626164,Player 1626164,0.9051530099142765,388.0,18.487394957983195,-0.14767716543623524,163.0,65.75630252100841,48.26325766966394,282.0,59.15789473684211
1628369,Player 1628369,0.028921369829318602,239.0,49.78991596638656,0.12069410564076391,286.0,39.91596638655462,48.25258646926813,283.0,59.36842105263158
203488,Player 203488,-0.8585711614489557,84.0,82.35294117647058,0.39297252813316996,390.0,18.067226890756306,48.234947458888,284.0,59.578947368421055
202331,Player 202331,0.0898436056453802,254.0,46.63865546218487,0.10446000083141056,280.0,41.17647058823529,48.21717434700609,285.0,59.78947368421053
1627732,Player 1627732,1.1065996218910819,417.0,12.394957983193278,-0.2032728720461153,139.0,70.79831932773108,48.17472332081353,286.0,60.0
1629060,Player 1629060,-0.2880574604980622,179.0,62.39495798319328,0.22764121763736747,341.0,28.361344537815125,48.101682548908514,287.0,60.21052631578947
1629653,Player 1629653,2.2789763778321146,462.0,2.941176470588236,-0.5533215964625506,45.0,90.54621848739495,48.054445233357555,288.0,60.421052631578945
1630631,Player 1630631,1.0603957811395763,410.0,13.86554621848739,-0.17870171016580733,147.0,69.11764705882352,48.01881729522904,289.0,60.631578947368425
1628404,Player 1628404,0.09615890065683748,260.0,45.378151260504204,0.12439711666575808,290.0,39.075630252100844,47.891185790804826,290.0,60.8421052631579
1626159,Player 1626159,-0.29768092660173967,177.0,62.81512605042017,0.24560778755640877,352.0,26.050420168067223,47.8776555368551,291.0,61.05263157894737
1628370,Player 1628370,0.3007626689416917,294.0,38.23529411764706,0.07102094454677914,263.0,44.74789915966386,47.755184417544584,292.0,61.26315789473684
1631100,Player 1631100,0.8865166742128777,385.0,19.11764705882353,-0.10783769196257105,185.0,61.13445378151261,47.754186112057496,293.0,61.473684210526315
1631097,Player 1631097,0.4714718218517697,326.0,31.512605042016805,0.0199324562575649,240.0,49.57983193277311,47.73943117425355,294.0,61.68421052631579
204456,Player 204456,-1.1524114867229267,55.0,88.4453781512605,0.5161769399189803,417.0,12.394957983193278,47.73630319446701,295.0,61.89473684210526
202722,Player 202722,0.21829541862207413,281.0,40.96638655462185,0.09861106397218039,277.0,41.80672268907563,47.71941177152395,296.0,62.10526315789474
1629652,Player 1629652,0.40935361568895023,317.0,33.40336134453782,0.0412000334972288,254.0,46.63865546218487,47.70524898089187,297.0,62.31578947368421
1629626,Player 1629626,0.9714659062223354,401.0,15.756302521008402,-0.12996722807508582,174.0,63.4453781512605,47.69724779804302,298.0,62.526315789473685
1630225,Player 1630225,-0.08686309354827614,218.0,54.201680672268914,0.19665814057402398,329.0,30.88235294117647,47.647363644195224,299.0,62.73684210526316
1630648,Player 1630648,0.6601756357082085,363.0,23.739495798319332,-0.029426478189399058,217.0,54.41176470588236,47.61594675433261,300.0,62.94736842105263
1630579,Player 1630579,-1.4724529661174357,42.0,91.17647058823529,0.622530878579365,439.0,7.773109243697474,47.608189586573204,301.0,63.1578947368421
1629630,Player 1629630,-0.5647115910045353,135.0,71.63865546218487,0.3475896431574043,381.0,19.957983193277308,47.573314894642415,302.0,63.368421052631575
1630231,Player 1630231,0.3534087248329263,305.0,35.924369747899156,0.0685361376624021,262.0,44.95798319327731,47.55248232986969,303.0,63.578947368421055
201569,Player 201569,0.1734814182504896,274.0,42.43697478991597,0.12437021311496768,289.0,39.28571428571429,47.53946560219525,304.0,63.78947368421053
1630193,Player 1630193,1.5793049009030702,450.0,5.462184873949583,-0.3012693405167358,114.0,76.05042016806722,47.48302084058214,305.0,64.0
1630230,Player 1630230,-0.1731425682284762,200.0,57.98319327731092,0.23504758234126347,346.0,27.3109243697479,47.467951711369636,306.0,64.21052631578948
1627734,Player 1627734,1.0734262825068308,411.0,13.655462184873945,-0.14499056576331373,166.0,65.12605042016807,47.4569003682656,307.0,64.42105263157895
203496,Player 203496,0.6583535608203348,362.0,23.949579831932777,-0.017927027612918162,221.0,53.57142857142857,47.452806723176494,308.0,64.63157894736841
1629013,Player 1629013,0.5485626390302867,343.0,27.941176470588236,0.01680751661757315,238.0,50.0,47.43495268466897,309.0,64.84210526315789
1626171,Player 1626171,0.24076193006681929,284.0,40.33613445378151,0.11361897853030836,284.0,40.33613445378151,47.39335788911061,310.0,65.05263157894737
1631117,Player 1631117,-0.15926055203914163,201.0,57.773109243697476,0.23731790000279981,349.0,26.680672268907568,47.37088734130025,311.0,65.26315789473685
1627863,Player 1627863,0.5225145063416143,336.0,29.411764705882348,0.030635432758973884,247.0,48.10924369747899,47.34742286853643,312.0,65.47368421052632
1630586,Player 1630586,1.120386084785179,418.0,12.184873949579833,-0.14244607245888535,168.0,64.70588235294117,47.205114598502306,313.0,65.6842105263158
203648,Player 203648,1.2621644249274884,433.0,9.033613445378153,-0.18107226848997013,144.0,69.74789915966386,47.13531823500099,314.0,65.89473684210526
1629636,Player 1629636,-0.14227552779356412,203.0,57.35294117647059,0.24826782454922328,353.0,25.84033613445378,47.13029362772113,315.0,66.10526315789474
1630557,Player 1630557,-0.09805467021077831,213.0,55.25210084033614,0.2365285390158273,348.0,26.890756302521012,47.10392814082955,316.0,66.3157894736842
1628378,Player 1628378,-0.6502535261110156,116.0,75.63025210084034,0.4054097315656105,393.0,17.436974789915972,47.100865720406595,317.0,66.52631578947368
1628401,Player 1628401,0.720581133546056,368.0,22.6890756302521,-0.009902495712686038,227.0,52.310924369747895,47.04979436995926,318.0,66.73684210526316
1628470,Player 1628470,-0.12040980309849839,209.0,56.09243697478992,0.2487697371796753,354.0,25.630252100840334,47.02323598382192,319.0,66.94736842105263
1629026,Player 1629026,-0.3018981675935549,176.0,63.02521008403361,0.3045907823062971,369.0,22.478991596638654,47.017522463889705,320.0,67.15789473684211
202691,Player 202691,0.4615286835578662,325.0,31.72268907563025,0.07605681214842495,266.0,44.11764705882353,46.94799097082566,321.0,67.36842105263158
1630600,Player 1630600,1.086477367106327,413.0,13.235294117647056,-0.11292598127849712,183.0,61.5546218487395,46.91943716924461,322.0,67.57894736842105
1627823,Player 1627823,0.3979052416322626,316.0,33.61344537815126,0.10317103500881128,279.0,41.38655462184874,46.833499778468706,323.0,67.78947368421052
1627814,Player 1627814,-0.19986113272501757,196.0,58.82352941176471,0.2868896566678229,362.0,23.949579831932777,46.8167472891319,324.0,68.0
1629622,Player 1629622,0.30560024380720824,297.0,37.60504201680672,0.1335750702710318,296.0,37.81512605042017,46.80057674614416,325.0,68.21052631578948
1626153,Player 1626153,0.34084720240207733,302.0,36.5546218487395,0.12867846873427935,294.0,38.23529411764706,46.71306475312082,326.0,68.42105263157895
1627936,Player 1627936,-0.20504103134024024,194.0,59.2436974789916,0.3004539825603319,367.0,22.899159663865543,46.63811470219149,327.0,68.63157894736842
200752,Player 200752,2.037038845585267,459.0,3.57142857142857,-0.3810206114328609,89.0,81.30252100840336,46.587491288517896,328.0,68.84210526315789
1629731,Player 1629731,0.7673403085115168,373.0,21.638655462184875,0.010380590711867553,236.0,50.42016806722689,46.53446940070878,329.0,69.05263157894737
202681,Player 202681,-0.46358801534063515,153.0,67.85714285714286,0.3870011031608779,386.0,18.907563025210084,46.52524613901072,330.0,69.26315789473684
1629643,Player 1629643,0.14781731499328662,270.0,43.27731092436975,0.20307445224218504,334.0,29.831932773109248,46.48298915693293,331.0,69.47368421052632
1631116,Player 1631116,-3.1334024247065657,5.0,98.94957983193278,1.20659427054638,474.0,0.42016806722688926,46.464624758340435,332.0,69.6842105263158
1630593,Player 1630593,0.41840257375480683,319.0,32.98319327731093,0.13205414936642523,295.0,38.02521008403361,46.30955730903431,333.0,69.89473684210526
202704,Player 202704,-0.19308401790859298,197.0,58.61344537815126,0.32516162172778557,375.0,21.218487394957986,46.21531361192659,334.0,70.10526315789474
203991,Player 203991,0.5250876331633165,337.0,29.201680672268903,0.11476109516770122,285.0,40.12605042016807,46.08153169464501,335.0,70.3157894736842
202693,Player 202693,0.49895827309317947,332.0,30.252100840336137,0.12441266003220701,291.0,38.86554621848739,46.05663421520774,336.0,70.52631578947368
1626149,Player 1626149,1.29013205881687,435.0,8.613445378151264,-0.11393867528485242,182.0,61.76470588235294,46.00710568761872,337.0,70.73684210526315
203473,Player 203473,0.7882162154282049,377.0,20.798319327731097,0.039735143085363835,253.0,46.84873949579832,46.001774573806046,338.0,70.94736842105263
1629628,Player 1629628,1.0258595116998641,407.0,14.495798319327735,-0.03127212941397013,216.0,54.6218487394958,45.97816383174256,339.0,71.15789473684211
1626172,Player 1626172,0.7149671160446145,367.0,22.899159663865543,0.06406676448296572,258.0,45.79831932773109,45.97260189210964,340.0,71.36842105263158
1630550,Player 1630550,-0.13606994088752605,206.0,56.72268907563025,0.3290000544803225,376.0,21.00840336134454,45.89845090681352,341.0,71.57894736842105
201949,Player 201949,0.9376255710473558,393.0,17.436974789915972,0.0012495422618543956,231.0,51.470588235294116,45.89513106552097,342.0,71.78947368421052
203210,Player 203210,0.0777150297393394,253.0,46.84873949579832,0.26470644439048935,356.0,25.210084033613445,45.88339978146322,343.0,72.0
1630180,Player 1630180,0.023881904299726742,238.0,50.0,0.28448937341174724,361.0,24.15966386554622,45.83362154563425,344.0,72.21052631578947
1630535,Player 1630535,0.6646479524316589,365.0,23.319327731092432,0.09339177052018487,272.0,42.85714285714286,45.76456486699291,345.0,72.42105263157896
1628380,Player 1628380,-0.26153110211890473,184.0,61.34453781512605,0.38761061852325807,387.0,18.69747899159664,45.596006391154454,346.0,72.63157894736842
1630184,Player 1630184,-0.13384846523261068,207.0,56.51260504201681,0.3505833788514142,382.0,19.747899159663863,45.56656309036185,347.0,72.84210526315789
1630552,Player 1630552,-0.7231418906898128,105.0,77.94117647058823,0.5314362679535171,419.0,11.974789915966388,45.553948684523874,348.0,73.05263157894737
1630249,Player 1630249,-0.7504001598922487,101.0,78.78151260504201,0.5495080632337521,424.0,10.924369747899155,45.40866058371955,349.0,73.26315789473684
1629057,Player 1629057,-2.0824691815138956,13.0,97.26890756302521,0.9612234448889733,466.0,2.1008403361344574,45.33681893070031,350.0,73.47368421052632
1629632,Player 1629632,0.3016649178785571,295.0,38.02521008403361,0.2332611060142018,345.0,27.521008403361346,45.332345388169756,351.0,73.68421052631578
203992,Player 203992,0.3837724546766788,314.0,34.03361344537815,0.2093209600675053,338.0,28.99159663865546,45.315341126346695,352.0,73.89473684210527
1629014,Player 1629014,0.54281183626908,340.0,28.57142857142857,0.16838158344383214,315.0,33.82352941176471,45.201424866162284,353.0,74.10526315789474
1631115,Player 1631115,0.655452304684605,361.0,24.15966386554622,0.1340397383192182,297.0,37.60504201680672,45.200447782107716,354.0,74.31578947368422
1629008,Player 1629008,0.5362282333466996,338.0,28.99159663865546,0.17582686877592066,318.0,33.19327731092437,45.12040933982876,355.0,74.52631578947368
1629640,Player 1629640,-0.26751776532657273,183.0,61.5546218487395,0.4251789646739154,400.0,15.966386554621847,45.06318784078509,356.0,74.73684210526315
1630237,Player 1630237,-0.40628714395225507,158.0,66.80672268907564,0.47334189684460354,410.0,13.86554621848739,44.977104774249064,357.0,74.94736842105263
203484,Player 203484,-0.150420009862786,202.0,57.56302521008403,0.39792537719875914,392.0,17.647058823529417,44.93623848581113,358.0,75.1578947368421
1629723,Player 1629723,0.12632357221661983,266.0,44.11764705882353,0.3196019703101413,373.0,21.638655462184875,44.84363917111817,359.0,75.36842105263158
1629611,Player 1629611,0.016275015780957112,234.0,50.84033613445378,0.3559495873513887,383.0,19.53781512605042,44.802910156957,360.0,75.57894736842105
1631214,Player 1631214,2.8217002094478754,469.0,1.4705882352941124,-0.4995866074872924,57.0,88.02521008403362,44.7818202181888,361.0,75.78947368421053
1630578,Player 1630578,0.09121817911210088,256.0,46.21848739495798,0.33937271708170036,378.0,20.588235294117652,44.708757783975315,362.0,76.0
1629661,Player 1629661,2.344355491901795,464.0,2.5210084033613467,-0.3362522632939986,105.0,77.94117647058823,44.520571605459736,363.0,76.21052631578948
203933,Player 203933,0.7926356358149194,378.0,20.588235294117652,0.14078024072631454,300.0,36.97478991596639,44.4752349455986,364.0,76.42105263157895
1629603,Player 1629603,1.2801241509882433,434.0,8.823529411764708,-0.00535172577962178,228.0,52.100840336134446,44.43383065727521,365.0,76.63157894736841
1631094,Player 1631094,0.633428999978276,358.0,24.789915966386555,0.19729508243921193,330.0,30.672268907563026,44.35770865935365,366.0,76.84210526315789
1628389,Player 1628389,0.8082384716850897,380.0,20.168067226890752,0.14505963700136604,303.0,36.34453781512605,44.34038207269005,367.0,77.05263157894737
1630590,Player 1630590,-1.2840356260149977,51.0,89.28571428571429,0.7903977445391848,457.0,3.991596638655459,44.247535315232525,368.0,77.26315789473685
1628392,Player 1628392,-0.5649604320090374,134.0,71.84873949579831,0.5717108455136867,433.0,9.033613445378153,44.23317472222928,369.0,77.47368421052632
202692,Player 202692,1.252960468987375,431.0,9.453781512605042,0.017398676728153643,239.0,49.78991596638656,44.218361581450914,370.0,77.6842105263158
1627741,Player 1627741,1.252497506572692,430.0,9.663865546218487,0.038009132814450446,252.0,47.05882352941176,43.913202349829206,371.0,77.89473684210526
1629675,Player 1629675,-0.10474864272976449,211.0,55.67226890756303,0.45352057632581816,406.0,14.70588235294118,43.89942260349267,372.0,78.10526315789474
1629646,Player 1629646,1.8057624853296355,455.0,4.411764705882348,-0.12144066590262603,180.0,62.18487394957983,43.77080336816898,373.0,78.3157894736842
1628997,Player 1628997,0.9663836797342167,399.0,16.176470588235293,0.1426018235246897,301.0,36.76470588235294,43.656841881912776,374.0,78.52631578947368
1626167,Player 1626167,0.09280301122909734,258.0,45.79831932773109,0.41296465945220756,396.0,16.806722689075627,43.60440743372422,375.0,78.73684210526316
1628991,Player 1628991,0.5663258988215575,345.0,27.521008403361346,0.27122697433105136,359.0,24.57983193277311,43.561090218112284,376.0,78.94736842105263
203903,Player 203903,1.6033372467374578,451.0,5.252100840336138,-0.04044056604801139,212.0,55.46218487394958,43.48505717515479,377.0,79.15789473684211
1631102,Player 1631102,1.0377285837502834,408.0,14.28571428571429,0.13419812670901296,298.0,37.39495798319328,43.45722734092663,378.0,79.36842105263158
1627759,Player 1627759,0.508398786871945,333.0,30.042016806722692,0.29798010304057804,366.0,23.109243697478988,43.426041653595775,379.0,79.57894736842105
201580,Player 201580,-0.709403941957217,106.0,77.73109243697479,0.6729563972426466,446.0,6.302521008403361,43.38155791272697,380.0,79.78947368421052
1629021,Player 1629021,0.38189210817715835,313.0,34.2436974789916,0.3449917900544787,380.0,20.168067226890752,43.30127826442185,381.0,80.0
1630699,Player 1630699,-0.320135377975861,172.0,63.86554621848739,0.5617150043641601,429.0,9.873949579831931,43.26728006615901,382.0,80.21052631578948
1627783,Player 1627783,0.9724566562584573,402.0,15.546218487394958,0.1862375621387737,325.0,31.72268907563025,42.97864988175991,383.0,80.42105263157895
1629029,Player 1629029,0.14632605329366621,269.0,43.48739495798319,0.4397565026309256,403.0,15.336134453781513,42.961245583117474,384.0,80.63157894736842
203954,Player 203954,1.1448951470411168,423.0,11.13445378151261,0.1482941670222031,308.0,35.29411764705882,42.759049938019956,385.0,80.84210526315789
1628384,Player 1628384,0.26887887562433,289.0,39.28571428571429,0.4323155634799083,401.0,15.756302521008402,42.51408069307607,386.0,81.05263157894737
1631108,Player 1631108,0.914665709251372,390.0,18.067226890756306,0.23851788724969603,350.0,26.470588235294112,42.462413303203235,387.0,81.26315789473684
201567,Player 201567,0.35997593347233503,307.0,35.50420168067227,0.4092630983583948,395.0,17.016806722689072,42.44290494748499,388.0,81.47368421052632
1628436,Player 1628436,1.2155326110040456,428.0,10.084033613445376,0.1480309811403117,307.0,35.50420168067227,42.44129558630126,389.0,81.6842105263158
203490,Player 203490,-0.665848106741151,113.0,76.26050420168067,0.7245067372083297,453.0,4.831932773109249,42.41467811789849,390.0,81.89473684210526
1630583,Player 1630583,0.584409202560677,350.0,26.470588235294112,0.34332510796959576,379.0,20.378151260504207,42.40387719219809,391.0,82.10526315789474
1631128,Player 1631128,0.6943834191848693,366.0,23.109243697478988,0.31115887127186775,370.0,22.26890756302521,42.38260733665973,392.0,82.3157894736842
1630200,Player 1630200,1.0063588500656713,405.0,14.915966386554624,0.22979811124166863,343.0,27.941176470588236,42.17484654483342,393.0,82.52631578947368
1629650,Player 1629650,0.2985974166930991,293.0,38.4453781512605,0.44650204509511965,405.0,14.915966386554624,42.167247776065516,394.0,82.73684210526315
1630530,Player 1630530,-0.6608607539693857,114.0,76.05042016806722,0.7483586946941867,454.0,4.621848739495793,42.036373156192795,395.0,82.94736842105263
1630692,Player 1630692,1.1737349200909115,425.0,10.71428571428571,0.19111681824012136,327.0,31.30252100840336,41.98930133405784,396.0,83.15789473684211
202695,Player 202695,0.9430986608342938,396.0,16.806722689075627,0.2619512596646059,355.0,25.42016806722689,41.983579148308365,397.0,83.36842105263158
1630194,Player 1630194,2.16588946406207,461.0,3.1512605042016806,-0.10701937606001409,186.0,60.92436974789916,41.91581319849362,398.0,83.57894736842105
1631207,Player 1631207,1.5761868315756966,448.0,5.882352941176472,0.07482245488295279,265.0,44.32773109243697,41.890318818859114,399.0,83.78947368421052
1630543,Player 1630543,0.7979815148574531,379.0,20.378151260504207,0.3145263546635427,371.0,22.058823529411764,41.86062537534711,400.0,84.0
204001,Player 204001,1.4067310494537522,441.0,7.352941176470584,0.14504968778153982,302.0,36.5546218487395,41.61503753438457,401.0,84.21052631578947
203585,Player 203585,2.0241339794016993,458.0,3.7815126050420145,-0.043148259927094604,209.0,56.09243697478992,41.609145820118414,402.0,84.42105263157896
1629002,Player 1629002,0.29471030134998016,292.0,38.65546218487395,0.48586158639515475,412.0,13.4453781512605,41.59816430059995,403.0,84.63157894736842
1630528,Player 1630528,0.28866243795185137,291.0,38.86554621848739,0.48804157297525813,413.0,13.235294117647056,41.59320587821071,404.0,84.84210526315789
1627750,Player 1627750,0.17114562031454697,273.0,42.64705882352941,0.5353908840071725,420.0,11.764705882352944,41.42246988660397,405.0,85.05263157894737
1630191,Player 1630191,0.06404766195895083,247.0,48.10924369747899,0.5684822259718838,432.0,9.243697478991598,41.416849688639296,406.0,85.26315789473684
1630214,Player 1630214,1.6433381189438006,454.0,4.621848739495793,0.09331402352565174,271.0,43.0672268907563,41.30883815471552,407.0,85.47368421052632
1630533,Player 1630533,0.578269595814008,347.0,27.100840336134457,0.4232791254761943,399.0,16.176470588235293,41.2398554594253,408.0,85.68421052631578
201587,Player 201587,1.4045285715322129,440.0,7.563025210084029,0.1776130474758394,320.0,32.773109243697476,41.13960207351563,409.0,85.89473684210527
1628960,Player 1628960,0.6089840039353975,355.0,25.42016806722689,0.43370504774056223,402.0,15.546218487394958,40.94455110301392,410.0,86.10526315789474
201142,Player 201142,1.141330490658428,422.0,11.344537815126055,0.2754092043160766,360.0,24.369747899159666,40.880209905352984,411.0,86.31578947368422
1626204,Player 1626204,-0.5412979906228697,139.0,70.79831932773108,0.7912402184762085,458.0,3.7815126050420145,40.85260077998778,412.0,86.52631578947368
1628978,Player 1628978,1.0935709101522482,415.0,12.815126050420167,0.29353823398018486,365.0,23.319327731092432,40.82743005684066,413.0,86.73684210526315
1627826,Player 1627826,0.5437314232793643,341.0,28.361344537815125,0.4648141311787685,409.0,14.075630252100845,40.77792218391649,414.0,86.94736842105263
1628972,Player 1628972,0.5407354081576062,339.0,28.781512605042014,0.4739965524313015,411.0,13.655462184873945,40.6546712368277,415.0,87.1578947368421
201950,Player 201950,0.7699150910673129,374.0,21.42857142857143,0.40544000189873103,394.0,17.226890756302527,40.63306701370166,416.0,87.36842105263159
1626157,Player 1626157,0.34988070190999354,304.0,36.13445378151261,0.5400009439718917,422.0,11.344537815126055,40.539794661688134,417.0,87.57894736842105
1631121,Player 1631121,-1.5278303483476896,37.0,92.22689075630252,1.1247649013727745,472.0,0.8403361344537785,40.372902526871,418.0,87.78947368421053
1630560,Player 1630560,-0.8157658500876243,91.0,80.88235294117648,0.9226262833065447,464.0,2.5210084033613467,40.143760873634605,419.0,88.0
1629634,Player 1629634,0.05940609997975181,246.0,48.31932773109243,0.6629434139112395,445.0,6.512605042016806,40.029728247345076,420.0,88.21052631578948
1628374,Player 1628374,1.5629832135125976,447.0,6.0924369747899165,0.20456677343131063,335.0,29.621848739495793,40.0161757370234,421.0,88.42105263157895
1630177,Player 1630177,2.1530165261280536,460.0,3.361344537815125,0.027771285510471526,246.0,48.31932773109243,39.96493166369469,422.0,88.63157894736841
1631133,Player 1631133,1.0796635639533243,412.0,13.4453781512605,0.356001584880682,384.0,19.327731092436974,39.95953873128302,423.0,88.8421052631579
1630288,Player 1630288,0.4587084000105004,323.0,32.14285714285714,0.5593457077576401,427.0,10.29411764705882,39.75580285429203,424.0,89.05263157894737
1630245,Player 1630245,0.07599007498357668,252.0,47.05882352941176,0.6801893657591151,447.0,6.0924369747899165,39.697097615999915,425.0,89.26315789473685
1628386,Player 1628386,1.577245944475795,449.0,5.672268907563027,0.2277113965609879,342.0,28.15126050420168,39.606176534812306,426.0,89.47368421052632
1629134,Player 1629134,-0.18793781307510354,198.0,58.40336134453781,0.7669252738235214,456.0,4.201680672268903,39.60591880302125,427.0,89.6842105263158
202687,Player 202687,-0.39461799712644297,162.0,65.96638655462185,0.8330602626462627,460.0,3.361344537815125,39.56116334668985,428.0,89.89473684210526
1628381,Player 1628381,0.11181079992589502,263.0,44.74789915966386,0.682978517389785,448.0,5.882352941176472,39.49239096885283,429.0,90.10526315789474
203482,Player 203482,0.9778664727953472,403.0,15.336134453781513,0.4198675557477196,397.0,16.596638655462183,39.47098036270245,430.0,90.31578947368422
2544,Player 2544,0.3368503109892549,300.0,36.97478991596639,0.616188836010015,436.0,8.403361344537819,39.463299722867596,431.0,90.52631578947368
1627777,Player 1627777,-0.09135896781701125,216.0,54.6218487394958,0.7487738164681663,455.0,4.411764705882348,39.43671353257622,432.0,90.73684210526316
1630192,Player 1630192,1.9483023667643853,457.0,3.991596638655459,0.1462970813934836,305.0,35.924369747899156,39.130163505016306,433.0,90.94736842105263
202689,Player 202689,0.5830957170027491,348.0,26.890756302521012,0.5663987963597416,430.0,9.663865546218487,39.08420202214663,434.0,91.15789473684211
1631157,Player 1631157,-0.7417044044426038,102.0,78.57142857142857,0.9780846547478091,468.0,1.6806722689075682,38.979698454572166,435.0,91.36842105263158
1628977,Player 1628977,0.13304403584121793,267.0,43.90756302521008,0.7175110403311066,451.0,5.252100840336138,38.880873984719145,436.0,91.57894736842105
203521,Player 203521,0.6321482953716059,356.0,25.210084033613445,0.5669930621401595,431.0,9.453781512605042,38.85196053823289,437.0,91.78947368421052
1628981,Player 1628981,0.4485682732468206,322.0,32.35294117647059,0.625591074837126,440.0,7.563025210084029,38.814372323662354,438.0,92.0
202699,Player 202699,1.29345749936455,436.0,8.403361344537819,0.37625690012655016,385.0,19.11764705882353,38.68396330018564,439.0,92.21052631578948
1630695,Player 1630695,0.7311849194201087,370.0,22.26890756302521,0.5525594335174125,425.0,10.71428571428571,38.61613609057352,440.0,92.42105263157895
1626195,Player 1626195,-0.09901351629154634,212.0,55.46218487394958,0.8075230775779731,459.0,3.57142857142857,38.595718293541296,441.0,92.63157894736842
203939,Player 203939,-0.5938655297402046,126.0,73.52941176470588,0.9589435545401797,465.0,2.310924369747902,38.59181256050653,442.0,92.84210526315789
1628962,Player 1628962,0.9400908369735977,394.0,17.226890756302527,0.49117037077054915,414.0,13.025210084033612,38.58000187061342,443.0,93.05263157894737
203937,Player 203937,0.49838895685933277,331.0,30.46218487394958,0.6302131967164425,441.0,7.352941176470584,38.51858432532493,444.0,93.26315789473684
1631219,Player 1631219,2.8784514617528627,470.0,1.2605042016806678,-0.09528470469042132,191.0,59.87394957983193,38.4959118832508,445.0,93.47368421052632
1630235,Player 1630235,1.318185290491881,438.0,7.98319327731093,0.3892371887034383,388.0,18.487394957983195,38.377840232108284,446.0,93.6842105263158
1628983,Player 1628983,0.9018738471861553,387.0,18.69747899159664,0.5234293710769359,418.0,12.184873949579833,38.27311144019909,447.0,93.89473684210526
201988,Player 201988,0.41368224659139885,318.0,33.19327731092437,0.6841169329691479,449.0,5.672268907563027,38.10071787588139,448.0,94.10526315789474
1630559,Player 1630559,0.6011593927230702,353.0,25.84033613445378,0.6390853806699196,443.0,6.932773109243695,37.918305562643326,449.0,94.3157894736842
1629645,Player 1629645,0.9345342014294455,392.0,17.647058823529417,0.5456660016982227,423.0,11.13445378151261,37.79286741704065,450.0,94.52631578947368
201939,Player 201939,0.7222386090754467,369.0,22.478991596638654,0.6184111790097268,438.0,7.98319327731093,37.67513724586772,451.0,94.73684210526315
1630183,Player 1630183,0.9400943614935597,395.0,17.016806722689072,0.5600098384778651,428.0,10.084033613445376,37.553704155181876,452.0,94.94736842105263
1626246,Player 1626246,3.681487682643326,475.0,0.21008403361344463,-0.2689246296238984,120.0,74.78991596638656,37.42762345062911,453.0,95.15789473684211
203967,Player 203967,0.4859640684265985,329.0,30.88235294117647,0.7094563113750302,450.0,5.462184873949583,37.39378369670257,454.0,95.36842105263158
1627752,Player 1627752,0.0664742424908175,249.0,47.6890756302521,0.8874759395969201,462.0,2.941176470588236,36.6501349046636,455.0,95.57894736842105
1629011,Player 1629011,1.2604271435937393,432.0,9.243697478991598,0.5387440179278167,421.0,11.5546218487395,36.41196924530841,456.0,95.78947368421052
1626179,Player 1626179,0.8200332525010807,382.0,19.747899159663863,0.7234173857759228,452.0,5.042016806722693,35.664319925461236,457.0,96.0
1628989,Player 1628989,1.1295698279075905,419.0,11.974789915966388,0.6332363999179726,442.0,7.14285714285714,35.599160367203766,458.0,96.21052631578947
1628396,Player 1628396,3.2473574905784117,471.0,1.0504201680672232,0.021177702955802194,242.0,49.15966386554622,35.07967964042899,459.0,96.42105263157895
203944,Player 203944,0.3203968663676041,298.0,37.39495798319328,0.9166412891945631,463.0,2.7310924369747913,35.058982511232195,460.0,96.63157894736842
204060,Player 204060,2.4112509452145297,465.0,2.310924369747902,0.29328826295617033,364.0,23.529411764705888,34.830535034824386,461.0,96.84210526315789
1628372,Player 1628372,2.474024245872432,468.0,1.6806722689075682,0.2919098392348322,363.0,23.739495798319332,34.56521986290882,462.0,97.05263157894737
1628976,Player 1628976,1.505375416103635,444.0,6.72268907563025,0.5962864898112341,435.0,8.613445378151264,34.4386298423494,463.0,97.26315789473684
1630322,Player 1630322,3.3323686826977217,472.0,0.8403361344537785,0.09786336895575139,276.0,42.01680672268907,33.54928928777901,464.0,97.47368421052632
1626174,Player 1626174,-0.8813849718883311,78.0,83.61344537815127,1.4456767994916346,475.0,0.21008403361344463,32.644774769142884,465.0,97.68421052631578
1630529,Player 1630529,0.25858211061283304,286.0,39.91596638655462,1.1127343269347432,470.0,1.2605042016806678,32.41706235363053,466.0,97.89473684210527
1630167,Player 1630167,0.24925473390830807,285.0,40.12605042016807,1.122746101160978,471.0,1.0504201680672232,32.31027970955148,467.0,98.10526315789474
1631165,Player 1631165,2.337873698268075,463.0,2.7310924369747913,0.4927201520949407,415.0,12.815126050420167,32.191492937835925,468.0,98.3157894736842
1629004,Player 1629004,3.641662908745014,474.0,0.42016806722688926,0.0967524912033178,275.0,42.226890756302524,32.15734659515236,469.0,98.52631578947368
203897,Player 203897,1.8251889072015648,456.0,4.201680672268903,0.6518086892682282,444.0,6.72268907563025,32.15447842237606,470.0,98.73684210526315
1629022,Player 1629022,0.09575693115916789,259.0,45.58823529411765,1.1888886257156221,473.0,0.6302521008403339,32.0232231054479,471.0,98.94736842105263
202397,Player 202397,2.4546877011462267,466.0,2.1008403361344574,0.5553183049350366,426.0,10.504201680672265,30.726296163080413,472.0,99.1578947368421
1628964,Player 1628964,1.4782900754408952,442.0,7.14285714285714,0.9773850697494241,467.0,1.8907563025210128,28.880430270930468,473.0,99.36842105263159
1631169,Player 1631169,5.106191873877447,476.0,0.0,-0.039822574063220983,213.0,55.25210084033614,27.52409174886463,474.0,99.57894736842105
1631112,Player 1631112,-0.6402589915683671,118.0,75.21008403361344,1.8063994619583172,476.0,0.0,26.168930764074744,475.0,99.78947368421053
1626169,Player 1626169,3.3670786139232933,473.0,0.6302521008403339,0.5957858154065411,434.0,8.823529411764708,25.968029388126727,476.0,100.0
